{"cameraMode":{"drawMode":0,"name":"Shaded","section":"Shading Mode"},"sceneLighting":true,"audioPlay":false,"sceneViewState":{"m_AlwaysRefresh":false,"showFog":true,"showSkybox":true,"showFlares":true,"showImageEffects":true,"showParticleSystems":true,"showVisualEffectGraphs":true,"m_FxEnabled":true},"in2DMode":false,"pivot":{"x":1.546304702758789,"y":2.374325752258301,"z":4.952491760253906},"rotation":{"x":0.3006455600261688,"y":-0.012874913401901722,"z":0.004058976657688618,"w":0.9536412954330444},"size":17.673765182495118,"orthographic":false}